{
  "project_info": {
    "project_number": "491545638754",
    "firebase_url": "https://myumroli.firebaseio.com",
    "project_id": "myumroli",
    "storage_bucket": "myumroli.appspot.com"
  },
  "client": [
    {
      "client_info": {
        "mobilesdk_app_id": "1:491545638754:android:72585f192cd33d4ddf1e3b",
        "android_client_info": {
          "package_name": "com.example.myumroli"
        }
      },
      "oauth_client": [
        {
          "client_id": "491545638754-u64rj3do0chn603lc67h3ipgb38o8c9k.apps.googleusercontent.com",
          "client_type": 1,
          "android_info": {
            "package_name": "com.example.myumroli",
            "certificate_hash": "9b7000203727b9ecf2e311426d4810e2ba547b39"
          }
        },
        {
          "client_id": "491545638754-s84mc2j53n0kk1ftjtld2b8jff6s9s88.apps.googleusercontent.com",
          "client_type": 3
        }
      ],
      "api_key": [
        {
          "current_key": "AIzaSyD7EgQHYEvWjIEMWfpTE6pYxuikPmLk6Xc"
        }
      ],
      "services": {
        "appinvite_service": {
          "other_platform_oauth_client": [
            {
              "client_id": "491545638754-s84mc2j53n0kk1ftjtld2b8jff6s9s88.apps.googleusercontent.com",
              "client_type": 3
            }
          ]
        }
      }
    },
    {
      "client_info": {
        "mobilesdk_app_id": "1:491545638754:android:81b2e2bbba95884ddf1e3b",
        "android_client_info": {
          "package_name": "com.maziumroli.storeadmin"
        }
      },
      "oauth_client": [
        {
          "client_id": "491545638754-s84mc2j53n0kk1ftjtld2b8jff6s9s88.apps.googleusercontent.com",
          "client_type": 3
        }
      ],
      "api_key": [
        {
          "current_key": "AIzaSyD7EgQHYEvWjIEMWfpTE6pYxuikPmLk6Xc"
        }
      ],
      "services": {
        "appinvite_service": {
          "other_platform_oauth_client": [
            {
              "client_id": "491545638754-s84mc2j53n0kk1ftjtld2b8jff6s9s88.apps.googleusercontent.com",
              "client_type": 3
            }
          ]
        }
      }
    },
    {
      "client_info": {
        "mobilesdk_app_id": "1:491545638754:android:f349f722aff97433df1e3b",
        "android_client_info": {
          "package_name": "com.maziumroli.userapp"
        }
      },
      "oauth_client": [
        {
          "client_id": "491545638754-b4fjo4a3kg10854o95fmn6dmio9kdmt0.apps.googleusercontent.com",
          "client_type": 1,
          "android_info": {
            "package_name": "com.maziumroli.userapp",
            "certificate_hash": "9b7000203727b9ecf2e311426d4810e2ba547b39"
          }
        },
        {
          "client_id": "491545638754-s84mc2j53n0kk1ftjtld2b8jff6s9s88.apps.googleusercontent.com",
          "client_type": 3
        }
      ],
      "api_key": [
        {
          "current_key": "AIzaSyD7EgQHYEvWjIEMWfpTE6pYxuikPmLk6Xc"
        }
      ],
      "services": {
        "appinvite_service": {
          "other_platform_oauth_client": [
            {
              "client_id": "491545638754-s84mc2j53n0kk1ftjtld2b8jff6s9s88.apps.googleusercontent.com",
              "client_type": 3
            }
          ]
        }
      }
    }
  ],
  "configuration_version": "1"
}