{
  "project_info": {
    "project_number": "491545638754",
    "firebase_url": "https://myumroli.firebaseio.com",
    "project_id": "myumroli",
    "storage_bucket": "myumroli.appspot.com"
  },
  "client": [
    {
      "client_info": {
        "mobilesdk_app_id": "1:491545638754:android:72585f192cd33d4ddf1e3b",
        "android_client_info": {
          "package_name": "com.example.myumroli"
        }
      },
      "oauth_client": [
        {
          "client_id": "491545638754-s84mc2j53n0kk1ftjtld2b8jff6s9s88.apps.googleusercontent.com",
          "client_type": 3
        }
      ],
      "api_key": [
        {
          "current_key": "AIzaSyD7EgQHYEvWjIEMWfpTE6pYxuikPmLk6Xc"
        }
      ],
      "services": {
        "appinvite_service": {
          "other_platform_oauth_client": [
            {
              "client_id": "491545638754-s84mc2j53n0kk1ftjtld2b8jff6s9s88.apps.googleusercontent.com",
              "client_type": 3
            }
          ]
        }
      }
    }
  ],
  "configuration_version": "1"
}