{
  "project_info": {
    "project_number": "658832477131",
    "firebase_url": "https://maziumroli.firebaseio.com",
    "project_id": "maziumroli",
    "storage_bucket": "maziumroli.appspot.com"
  },
  "client": [
    {
      "client_info": {
        "mobilesdk_app_id": "1:658832477131:android:24a4f66efa47594361444e",
        "android_client_info": {
          "package_name": "com.maziumroli.userapp"
        }
      },
      "oauth_client": [
        {
          "client_id": "658832477131-h7903hs694pnupsanokbfoauncpmeido.apps.googleusercontent.com",
          "client_type": 1,
          "android_info": {
            "package_name": "com.maziumroli.userapp",
            "certificate_hash": "d7e19a9ff4181252b41b84327432736a71b7a224"
          }
        },
        {
          "client_id": "658832477131-9833fbv9oqba3m7f6fcrokoma3daakug.apps.googleusercontent.com",
          "client_type": 1,
          "android_info": {
            "package_name": "com.maziumroli.userapp",
            "certificate_hash": "9b7000203727b9ecf2e311426d4810e2ba547b39"
          }
        },
        {
          "client_id": "658832477131-r417qfetmn3mol35tp0b4sil5a9lbe96.apps.googleusercontent.com",
          "client_type": 3
        }
      ],
      "api_key": [
        {
          "current_key": "AIzaSyBWqetJWt8Ccvgy4TRmhgJRRGo_HkpH63U"
        }
      ],
      "services": {
        "appinvite_service": {
          "other_platform_oauth_client": [
            {
              "client_id": "658832477131-r417qfetmn3mol35tp0b4sil5a9lbe96.apps.googleusercontent.com",
              "client_type": 3
            }
          ]
        }
      }
    }
  ],
  "configuration_version": "1"
}